{
  "accuracy": 0.9271052631578948,
  "brier_score": 0.11632658541202545,
  "confusion_matrix": [
    [
      1775,
      19,
      59,
      47
    ],
    [
      21,
      1859,
      13,
      7
    ],
    [
      52,
      13,
      1688,
      147
    ],
    [
      52,
      12,
      112,
      1724
    ]
  ],
  "ece": 0.03229384496808052,
  "loss": 0.24788044393062592,
  "macro_f1": 0.9270783914474838,
  "nll": 0.24788044393062592,
  "num_samples": 7600,
  "per_class_f1": [
    0.9342105263157895,
    0.9776492242966079,
    0.8950159066808059,
    0.901437908496732
  ],
  "per_class_precision": [
    0.9342105263157895,
    0.976878612716763,
    0.9017094017094017,
    0.8955844155844156
  ],
  "per_class_recall": [
    0.9342105263157895,
    0.978421052631579,
    0.888421052631579,
    0.9073684210526316
  ],
  "uncertainty_summary": {
    "confidence_quantiles": {
      "p10": 0.8634567260742188,
      "p25": 0.9784043431282043,
      "p50": 0.9975134134292603,
      "p75": 0.9996863603591919,
      "p90": 0.9998995065689087
    },
    "entropy_quantiles": {
      "p10": 0.0010905336821451783,
      "p25": 0.0030178942251950502,
      "p50": 0.01866321638226509,
      "p75": 0.1097637191414833,
      "p90": 0.43129006028175354
    },
    "mean_confidence": 0.9578530788421631,
    "mean_entropy": 0.11572850495576859
  }
}
