{
  "accuracy": 0.9271052631578948,
  "brier_score": 0.11307615041732788,
  "confusion_matrix": [
    [
      1775,
      19,
      59,
      47
    ],
    [
      21,
      1859,
      13,
      7
    ],
    [
      52,
      13,
      1688,
      147
    ],
    [
      52,
      12,
      112,
      1724
    ]
  ],
  "ece": 0.005842560436576605,
  "loss": 0.22115804255008698,
  "macro_f1": 0.9270783914474838,
  "nll": 0.22115804255008698,
  "num_samples": 7600,
  "per_class_f1": [
    0.9342105263157895,
    0.9776492242966079,
    0.8950159066808059,
    0.901437908496732
  ],
  "per_class_precision": [
    0.9342105263157895,
    0.976878612716763,
    0.9017094017094017,
    0.8955844155844156
  ],
  "per_class_recall": [
    0.9342105263157895,
    0.978421052631579,
    0.888421052631579,
    0.9073684210526316
  ],
  "uncertainty_summary": {
    "confidence_quantiles": {
      "p10": 0.7649086713790894,
      "p25": 0.9266397953033447,
      "p50": 0.9818110466003418,
      "p75": 0.9955344200134277,
      "p90": 0.9979113340377808
    },
    "entropy_quantiles": {
      "p10": 0.016730578616261482,
      "p25": 0.031828250735998154,
      "p50": 0.10203490406274796,
      "p75": 0.29477447271347046,
      "p90": 0.6315364837646484
    },
    "mean_confidence": 0.9291279911994934,
    "mean_entropy": 0.21054412424564362
  }
}
