{
  "accuracy": 0.9258333333333333,
  "brier_score": 0.11156316101551056,
  "confusion_matrix": [
    [
      2793,
      37,
      95,
      84
    ],
    [
      26,
      2967,
      24,
      17
    ],
    [
      61,
      19,
      2567,
      253
    ],
    [
      79,
      20,
      175,
      2783
    ]
  ],
  "ece": 0.004070825409144163,
  "loss": 0.21232061088085175,
  "macro_f1": 0.9255592243299131,
  "nll": 0.21232061088085175,
  "num_samples": 12000,
  "per_class_f1": [
    0.9359919571045576,
    0.9764686522955406,
    0.8911647283457733,
    0.898611559573781
  ],
  "per_class_precision": [
    0.9438999662047989,
    0.9750246467302005,
    0.8972387277175813,
    0.8871533312081606
  ],
  "per_class_recall": [
    0.9282153539381854,
    0.9779169413315755,
    0.8851724137931034,
    0.9103696434412824
  ],
  "uncertainty_summary": {
    "confidence_quantiles": {
      "p10": 0.75961834192276,
      "p25": 0.9249504804611206,
      "p50": 0.9824225902557373,
      "p75": 0.995653510093689,
      "p90": 0.9979087710380554
    },
    "entropy_quantiles": {
      "p10": 0.01667087897658348,
      "p25": 0.031194783747196198,
      "p50": 0.09968449920415878,
      "p75": 0.30064964294433594,
      "p90": 0.633283257484436
    },
    "mean_confidence": 0.9282456636428833,
    "mean_entropy": 0.21206650137901306
  }
}
