{
  "accuracy": 0.9258333333333333,
  "brier_score": 0.11519614607095718,
  "confusion_matrix": [
    [
      2793,
      37,
      95,
      84
    ],
    [
      26,
      2967,
      24,
      17
    ],
    [
      61,
      19,
      2567,
      253
    ],
    [
      79,
      20,
      175,
      2783
    ]
  ],
  "ece": 0.03169432282447815,
  "loss": 0.23436810076236725,
  "macro_f1": 0.9255592243299131,
  "nll": 0.23436810076236725,
  "num_samples": 12000,
  "per_class_f1": [
    0.9359919571045576,
    0.9764686522955406,
    0.8911647283457733,
    0.898611559573781
  ],
  "per_class_precision": [
    0.9438999662047989,
    0.9750246467302005,
    0.8972387277175813,
    0.8871533312081606
  ],
  "per_class_recall": [
    0.9282153539381854,
    0.9779169413315755,
    0.8851724137931034,
    0.9103696434412824
  ],
  "uncertainty_summary": {
    "confidence_quantiles": {
      "p10": 0.856361985206604,
      "p25": 0.9777998924255371,
      "p50": 0.9976166486740112,
      "p75": 0.9997016191482544,
      "p90": 0.9999014139175415
    },
    "entropy_quantiles": {
      "p10": 0.0010763697791844606,
      "p25": 0.002894758712500334,
      "p50": 0.017752615734934807,
      "p75": 0.11290732026100159,
      "p90": 0.4400189220905304
    },
    "mean_confidence": 0.9571210145950317,
    "mean_entropy": 0.11760636419057846
  }
}
